1179,72,11183,28/12/2023,2,300,12.33,Debit Card
1180,45,11093,09/11/2023,7,25,2.18,Cash
1181,94,11194,17/08/2023,1,500,55.42,Credit Card
1182,65,11081,23/02/2023,10,600,74.56,Debit Card
1183,68,11118,30/08/2023,8,900,79.61,Cash
1184,76,11037,03/09/2023,10,700,127.81,Credit Card
1185,86,11008,13/02/2024,3,700,2.09,Debit Card
1186,93,11008,21/07/2023,3,400,69.32,Cash
1187,63,11066,18/07/2023,8,400,48.16,Credit Card
1188,69,11182,24/01/2024,10,1000,14.05,Cash
1189,82,11004,24/08/2023,9,300,32.83,Debit Card
1190,64,11007,21/08/2023,9,500,21.48,Credit Card
1191,66,11004,14/04/2023,4,700,2.51,Credit Card
1192,16,11070,13/01/2024,5,25,0.55,Debit Card
1193,37,11164,24/02/2023,1,25,2.59,Cash
1194,44,11187,21/11/2023,7,40,0.45,Cash
1195,96,11050,22/12/2023,8,700,108.06,Debit Card
1196,35,11055,28/10/2023,7,100,5.38,Cash
1197,4,11179,23/06/2023,3,80,1.61,Debit Card
1198,67,11024,09/04/2023,4,800,33.94,Cash
1199,81,11109,22/07/2023,9,200,18.57,Credit Card
1200,24,11010,18/11/2023,4,150,1.24,Debit Card
1201,51,11175,20/10/2023,6,200,19.69,Debit Card
1202,76,11140,02/10/2023,9,700,108.55,Cash
1203,5,11179,07/07/2023,9,50,8.2,Debit Card
1204,26,11191,12/12/2023,8,20,2.83,Cash
1205,53,11142,08/09/2023,8,400,48.1,Debit Card
1206,42,11142,27/09/2023,1,50,7.62,Cash
1207,96,11031,08/12/2023,2,700,118.4,Debit Card
1208,68,11047,05/08/2023,10,900,39.94,Debit Card
1209,73,11126,23/09/2023,7,400,3.66,Debit Card
1210,3,11130,02/10/2023,7,1500,38.02,Debit Card
1211,58,11013,28/05/2023,7,900,1.69,Debit Card
1212,88,11127,09/04/2023,3,900,146,Credit Card
1213,9,11070,22/04/2023,7,500,70.97,Cash
1214,9,11048,15/11/2023,6,500,39.95,Debit Card
1215,19,11109,05/08/2023,1,40,6.92,Cash
1216,64,11162,26/03/2023,6,500,73.17,Credit Card
1217,73,11164,25/05/2023,9,400,39.21,Debit Card
1218,3,11085,21/11/2023,10,1500,218.07,Debit Card
1219,32,11073,13/02/2024,1,120,20.01,Cash
1220,21,11070,17/06/2023,7,50,7.66,Cash
1221,1,11168,06/06/2023,7,1200,200.15,Cash
1222,69,11059,07/06/2023,3,1000,165.83,Credit Card
1223,87,11073,08/11/2023,9,800,79.93,Credit Card
1224,16,11025,23/11/2023,7,25,2.67,Cash
1225,73,11000,12/10/2023,1,400,13.18,Debit Card
1226,9,11193,11/12/2023,2,500,66.64,Debit Card
1227,39,11161,05/01/2024,2,20,1.07,Credit Card
1228,88,11021,31/03/2023,7,900,2.73,Debit Card
1229,77,11170,25/07/2023,7,800,40.11,Debit Card
1230,37,11196,18/07/2023,2,25,2.62,Cash
1231,66,11117,12/06/2023,3,700,101.97,Credit Card
1232,5,11030,05/01/2024,2,50,9.33,Debit Card
1233,90,11023,23/05/2023,7,100,14.68,Cash
1234,43,11080,23/09/2023,2,30,2.69,Credit Card
1235,56,11037,08/09/2023,6,700,68.13,Cash
1236,6,11111,23/06/2023,6,20,1.5,Credit Card
1237,94,11120,20/02/2023,7,500,62.66,Cash
1238,47,11035,24/08/2023,9,70,5.91,Credit Card
1239,42,11066,11/02/2024,8,50,1.58,Debit Card
1240,43,11037,22/10/2023,4,30,0.94,Debit Card
1241,57,11033,10/06/2023,3,800,13.12,Cash
1242,1,11206,24/07/2023,5,1200,132.14,Credit Card
1243,61,11118,02/09/2023,10,200,34.3,Debit Card
1244,14,11066,23/02/2023,6,70,7.8,Cash
1245,96,11137,04/06/2023,6,700,139.86,Debit Card
1246,26,11139,05/10/2023,9,20,2.71,Cash
1247,66,11153,22/01/2024,8,700,54.08,Cash
1248,76,11018,19/08/2023,9,700,77.24,Credit Card
1249,86,11045,01/11/2023,5,700,54.96,Credit Card
1250,25,11095,30/08/2023,2,120,22.99,Cash
1251,82,11110,01/11/2023,10,300,18.65,Cash
1252,75,11013,12/01/2024,5,600,89.19,Debit Card
1253,52,11170,30/11/2023,6,300,20.52,Debit Card
1254,51,11088,24/11/2023,2,200,25.72,Debit Card
1255,83,11190,02/12/2023,1,400,51.58,Debit Card
1256,10,11090,23/10/2023,8,250,44.76,Credit Card
1257,1,11143,15/03/2023,8,1200,53.98,Credit Card
1258,81,11122,05/01/2024,8,200,13.85,Debit Card
1259,18,11008,18/02/2023,6,120,23.45,Debit Card
1260,13,11045,17/12/2023,1,120,21.02,Credit Card
1261,41,11173,30/11/2023,6,80,3.27,Debit Card
1262,42,11169,21/02/2023,8,50,1.81,Cash
1263,28,11020,08/07/2023,4,300,14.4,Debit Card
1264,93,11142,22/11/2023,7,400,60.96,Cash
1265,15,11024,11/02/2024,10,30,1.94,Credit Card
1266,28,11192,09/08/2023,3,300,0.65,Debit Card
1267,32,11144,26/12/2023,1,120,12.4,Debit Card
1268,36,11053,06/12/2023,4,150,26.15,Cash
1269,24,11164,23/09/2023,10,150,23.16,Credit Card
1270,65,11109,22/04/2023,10,600,15.73,Credit Card
1271,40,11188,14/09/2023,9,40,7.01,Debit Card
1272,31,11101,20/02/2023,9,40,5.62,Debit Card
1273,53,11040,15/10/2023,8,400,8.41,Credit Card
1274,86,11164,24/07/2023,7,700,9.96,Credit Card
1275,14,11032,06/07/2023,8,70,0.08,Debit Card
1276,39,11018,12/01/2024,8,20,3.18,Credit Card
1277,97,11128,21/12/2023,1,800,118.01,Debit Card
1278,84,11014,09/01/2024,1,500,71.18,Debit Card
1279,37,11007,21/05/2023,2,25,4.19,Debit Card
1280,12,11046,23/05/2023,7,80,12.36,Debit Card
1281,42,11119,25/09/2023,5,50,6.14,Credit Card
1282,41,11163,27/10/2023,2,80,11.02,Credit Card
1283,2,11030,07/02/2024,1,800,107.95,Debit Card
1284,79,11191,26/10/2023,10,1000,194.37,Credit Card
1285,94,11126,08/12/2023,2,500,20.82,Debit Card
1286,85,11144,15/10/2023,7,600,83.27,Debit Card
1287,84,11120,03/08/2023,10,500,27.26,Credit Card
1288,77,11162,10/09/2023,8,800,155.59,Cash
1289,17,11132,08/10/2023,5,200,20.97,Credit Card
1290,79,11105,05/04/2023,6,1000,3.07,Cash
1291,29,11137,17/08/2023,6,25,1.2,Cash
1292,36,11111,07/11/2023,4,150,24.87,Credit Card
1293,87,11034,31/03/2023,5,800,45.78,Debit Card
1294,63,11191,16/12/2023,2,400,45.89,Debit Card
1295,34,11077,26/10/2023,4,15,2,Credit Card
1296,39,11052,27/09/2023,9,20,1.83,Credit Card
1297,5,11070,01/12/2023,5,50,2.94,Credit Card
1298,14,11107,18/02/2023,3,70,4.31,Credit Card
1299,51,11027,25/03/2023,8,200,33.62,Debit Card
1300,49,11090,28/12/2023,4,30,3.52,Credit Card
1301,54,11022,24/11/2023,6,500,86.94,Credit Card
1302,89,11123,22/08/2023,3,1000,10.89,Cash
1303,91,11012,18/11/2023,1,200,28.91,Credit Card
1304,10,11071,03/12/2023,10,250,9.68,Cash
1305,32,11104,10/09/2023,1,120,8.55,Cash
1306,46,11204,19/10/2023,3,15,1.57,Debit Card
1307,100,11018,24/09/2023,2,100,15.8,Cash
1308,88,11205,08/02/2024,3,900,150.52,Debit Card
1309,8,11157,07/07/2023,7,100,8.47,Debit Card
1310,12,11026,11/06/2023,1,80,6.03,Credit Card
1311,66,11187,07/10/2023,10,700,2.62,Credit Card
1312,29,11086,01/08/2023,4,25,0.22,Credit Card
1313,47,11018,26/01/2024,6,70,0.82,Cash
1314,19,11124,18/10/2023,1,40,0.43,Credit Card
1315,72,11015,06/03/2023,9,300,18.91,Cash
1316,17,11021,04/06/2023,5,200,4.59,Credit Card
1317,43,11051,20/08/2023,7,30,1.28,Cash
1318,83,11145,31/08/2023,8,400,14.76,Cash
1319,66,11077,26/11/2023,7,700,16.63,Debit Card
1320,80,11160,16/02/2023,6,100,8.06,Credit Card
1321,81,11162,23/04/2023,9,200,2.31,Cash
1322,13,11120,17/10/2023,1,120,17.14,Cash
1323,5,11105,05/10/2023,7,50,2.44,Credit Card
1324,12,11110,03/11/2023,8,80,1.61,Debit Card
1325,21,11035,20/04/2023,8,50,6.19,Cash
1326,59,11029,05/12/2023,2,1000,93.63,Cash
1327,6,11037,22/09/2023,9,20,2.18,Cash
1328,74,11046,21/06/2023,7,500,63.16,Credit Card
1329,74,11105,31/01/2024,10,500,45.27,Debit Card
1330,36,11193,01/07/2023,4,150,27.23,Cash
1331,88,11129,02/09/2023,2,900,42.19,Credit Card
1332,13,11105,01/08/2023,4,120,20.84,Credit Card
1333,76,11047,14/01/2024,4,700,51.29,Credit Card
1334,15,11203,21/01/2024,5,30,1.9,Credit Card
1335,28,11073,03/08/2023,3,300,58.99,Cash
1336,45,11023,20/04/2023,3,25,1.44,Cash
1337,37,11129,05/04/2023,5,25,0.18,Credit Card
1338,38,11000,07/09/2023,6,15,2.28,Cash
1339,45,11078,04/01/2024,8,25,2.97,Credit Card
1340,13,11039,22/08/2023,4,120,23.58,Cash
1341,79,11070,02/01/2024,4,1000,31.24,Credit Card
1342,66,11103,30/10/2023,10,700,69.78,Debit Card
1343,55,11146,09/12/2023,10,600,100.05,Credit Card
1344,60,11197,14/04/2023,1,100,10.34,Cash
1345,6,11067,28/07/2023,5,20,1.6,Credit Card
1346,19,11113,04/05/2023,9,40,4.14,Debit Card
1347,74,11124,27/04/2023,9,500,42.32,Debit Card
1348,80,11089,14/11/2023,2,100,15.43,Debit Card
1349,37,11132,27/02/2023,8,25,1.5,Debit Card
1350,12,11184,10/04/2023,8,80,15.33,Cash
1351,25,11186,29/06/2023,7,120,10.98,Cash
1352,26,11050,21/02/2023,2,20,3.99,Debit Card
1353,72,11019,05/01/2024,8,300,3.46,Credit Card
1354,88,11081,02/02/2024,8,900,171.33,Credit Card
1355,52,11136,10/07/2023,6,300,46.97,Debit Card
1356,1,11176,30/07/2023,3,1200,13.76,Credit Card
1357,41,11010,27/12/2023,4,80,12.29,Debit Card
1358,61,11195,08/11/2023,5,200,31.54,Cash
1359,23,11206,04/08/2023,5,120,20.24,Cash
1360,7,11125,19/01/2024,8,300,2.34,Debit Card
1361,60,11193,15/08/2023,4,100,8.5,Cash
1362,38,11060,17/02/2023,9,15,0.33,Debit Card
1363,23,11065,10/04/2023,1,120,0.61,Debit Card
1364,3,11016,01/05/2023,8,1500,269.15,Debit Card
1365,4,11036,16/12/2023,7,80,7.16,Credit Card
1366,23,11148,26/08/2023,9,120,11.38,Debit Card
1367,18,11024,23/08/2023,4,120,5.53,Cash
1368,67,11077,06/05/2023,4,800,10.46,Debit Card
1369,59,11200,28/01/2024,2,1000,197.63,Cash
1370,20,11036,01/07/2023,5,40,2.83,Credit Card
1371,29,11201,04/02/2024,1,25,0.65,Debit Card
1372,49,11065,29/12/2023,5,30,5.91,Credit Card
1373,24,11129,08/04/2023,1,150,18.66,Debit Card
1374,55,11109,22/07/2023,10,600,60.78,Cash
1375,96,11136,28/01/2024,8,700,29.12,Debit Card
1376,89,11122,30/11/2023,4,1000,180.6,Credit Card
1377,11,11049,01/03/2023,10,60,4.41,Credit Card
1378,58,11111,06/12/2023,3,900,48.1,Credit Card
1379,3,11021,03/10/2023,4,1500,86.53,Debit Card
1380,51,11035,07/12/2023,9,200,3.08,Cash
1381,14,11169,06/06/2023,5,70,13.89,Cash
1382,31,11186,07/07/2023,8,40,3.6,Debit Card
1383,23,11138,17/11/2023,5,120,9.69,Cash
1384,10,11137,20/04/2023,2,250,7.23,Cash
1385,78,11196,22/02/2023,6,900,11.09,Credit Card
1386,53,11076,06/06/2023,2,400,69.39,Credit Card
1387,46,11058,23/04/2023,6,15,1.51,Cash
1388,59,11082,11/05/2023,5,1000,37.16,Debit Card
1389,32,11130,17/02/2023,2,120,9.1,Credit Card
1390,13,11097,24/10/2023,4,120,19.25,Credit Card
1391,34,11190,03/06/2023,10,15,2.81,Debit Card
1392,82,11128,07/08/2023,6,300,30.5,Debit Card
1393,89,11000,31/07/2023,10,1000,173.38,Credit Card
1394,87,11028,31/07/2023,4,800,131.04,Cash
1395,43,11129,19/07/2023,2,30,5.57,Cash
1396,16,11150,22/03/2023,8,25,4.62,Debit Card
1397,14,11082,25/03/2023,5,70,0.72,Credit Card
1398,3,11164,02/11/2023,1,1500,146.67,Credit Card
1399,68,11048,09/02/2024,2,900,5.43,Cash
1400,69,11057,06/09/2023,3,1000,114.77,Credit Card
1401,73,11085,19/04/2023,2,400,16.82,Debit Card
1402,81,11191,06/06/2023,1,200,39.86,Debit Card
1403,64,11055,28/11/2023,3,500,89.58,Debit Card
1404,31,11018,24/05/2023,4,40,7.96,Cash
1405,87,11125,13/01/2024,10,800,46.72,Debit Card
1406,10,11159,29/03/2023,4,250,20.64,Credit Card
1407,14,11132,23/09/2023,6,70,2.79,Cash
1408,29,11091,27/11/2023,1,25,2.7,Credit Card
1409,83,11018,13/05/2023,3,400,16.85,Cash
1410,62,11088,15/09/2023,2,300,38.85,Cash
1411,66,11179,11/07/2023,3,700,138.6,Debit Card
1412,37,11151,10/03/2023,8,25,1.72,Debit Card
1413,75,11138,25/07/2023,10,600,47.68,Credit Card
1414,46,11164,16/05/2023,1,15,0.97,Debit Card
1415,5,11162,13/08/2023,3,50,8.7,Cash
1416,43,11062,25/01/2024,6,30,2.12,Credit Card
1417,92,11002,20/06/2023,6,300,5.93,Cash
1418,32,11194,13/04/2023,10,120,11.7,Cash
1419,63,11118,08/09/2023,4,400,25.03,Debit Card
1420,77,11029,19/02/2023,4,800,18.24,Debit Card
1421,25,11056,21/11/2023,4,120,10.11,Debit Card
1422,8,11130,05/02/2024,10,100,9.69,Debit Card
1423,48,11048,02/11/2023,2,20,3.83,Credit Card
1424,18,11164,02/07/2023,2,120,14.05,Debit Card
1425,21,11192,26/01/2024,8,50,7.42,Cash
1426,19,11138,24/03/2023,7,40,4.82,Credit Card
1427,42,11166,14/05/2023,2,50,0.31,Cash
1428,76,11111,06/12/2023,6,700,107.83,Credit Card
1429,61,11157,07/08/2023,1,200,0.33,Credit Card
1430,12,11033,17/01/2024,7,80,8.15,Debit Card
1431,67,11088,07/07/2023,2,800,121.85,Cash
1432,45,11135,15/02/2024,7,25,0.11,Credit Card
1433,37,11036,01/04/2023,10,25,4.69,Credit Card
1434,55,11177,20/03/2023,5,600,71.06,Credit Card
1435,57,11202,16/07/2023,7,800,18.57,Cash
1436,82,11182,27/07/2023,3,300,59.92,Debit Card
1437,32,11171,07/10/2023,1,120,12.52,Debit Card
1438,98,11163,18/08/2023,7,900,73.72,Credit Card
1439,20,11171,16/01/2024,8,40,7.98,Cash
1440,82,11197,14/01/2024,8,300,18.54,Credit Card
1441,68,11143,08/05/2023,4,900,116.93,Credit Card
1442,69,11193,22/03/2023,4,1000,155.5,Debit Card
1443,91,11060,04/05/2023,2,200,1.36,Cash
1444,18,11128,02/08/2023,3,120,9.72,Debit Card
1445,90,11098,22/10/2023,5,100,16.17,Debit Card
1446,1,11058,18/03/2023,3,1200,48.48,Debit Card
1447,2,11192,24/05/2023,6,800,146.62,Cash
1448,58,11050,19/09/2023,6,900,15.58,Credit Card
1449,65,11049,24/06/2023,3,600,110.23,Debit Card
1450,97,11135,16/02/2023,6,800,79.86,Cash
1451,8,11161,21/09/2023,9,100,6.6,Cash
1452,92,11062,14/10/2023,3,300,1.62,Credit Card
1453,84,11140,26/05/2023,10,500,79.5,Cash
1454,16,11010,25/10/2023,2,25,0.75,Cash
1455,66,11021,22/06/2023,4,700,17.5,Debit Card
1456,38,11167,04/07/2023,9,15,2.1,Credit Card
1457,21,11200,30/09/2023,1,50,8.46,Credit Card
1458,75,11203,05/10/2023,10,600,4.82,Cash
1459,18,11000,30/11/2023,3,120,12.01,Credit Card
1460,76,11068,01/07/2023,3,700,81.61,Credit Card
1461,65,11138,11/08/2023,2,600,106.11,Debit Card
1462,70,11175,25/02/2023,7,100,5.51,Debit Card
1463,79,11101,20/05/2023,10,1000,66.67,Debit Card
1464,22,11120,15/03/2023,5,80,8.91,Cash
1465,97,11090,19/05/2023,8,800,72.55,Debit Card
1466,96,11133,11/09/2023,6,700,105.84,Cash
1467,50,11168,20/03/2023,9,200,38.52,Credit Card
1468,82,11177,09/06/2023,5,300,9.76,Debit Card
1469,74,11107,14/11/2023,8,500,87.4,Cash
1470,74,11198,19/11/2023,4,500,85.69,Cash
1471,52,11083,05/08/2023,10,300,49.23,Credit Card
1472,64,11064,30/01/2024,1,500,50.4,Cash
1473,27,11055,14/12/2023,4,15,2.63,Cash
1474,87,11094,25/10/2023,7,800,41.82,Debit Card
1475,1,11188,02/11/2023,9,1200,6.02,Cash
1476,54,11096,25/05/2023,6,500,95.3,Credit Card
1477,94,11038,21/08/2023,10,500,3.09,Credit Card
1478,35,11083,24/07/2023,7,100,7.8,Cash
1479,22,11058,18/08/2023,4,80,4.92,Cash
1480,90,11137,04/01/2024,4,100,5.69,Cash
1481,12,11043,08/05/2023,4,80,2.75,Credit Card
1482,63,11162,24/07/2023,6,400,5.35,Debit Card
1483,22,11204,17/12/2023,9,80,7.76,Credit Card
1484,47,11043,28/09/2023,5,70,11.46,Debit Card
1485,39,11030,13/03/2023,7,20,1.03,Cash
1486,30,11153,10/04/2023,5,20,2.64,Cash
1487,60,11140,26/03/2023,9,100,9.93,Debit Card
1488,83,11085,10/09/2023,6,400,40.04,Debit Card
1489,37,11168,23/11/2023,3,25,0.13,Debit Card
1490,67,11161,13/03/2023,4,800,150.28,Debit Card
1491,98,11003,01/07/2023,9,900,54.34,Credit Card
1492,58,11195,10/09/2023,5,900,137.89,Credit Card
1493,54,11053,23/04/2023,2,500,1.66,Credit Card
1494,8,11020,09/04/2023,6,100,9.59,Cash
1495,49,11122,29/04/2023,4,30,5.19,Debit Card
1496,29,11093,30/04/2023,2,25,3.61,Cash
1497,69,11028,15/10/2023,9,1000,111.89,Debit Card
1498,80,11089,30/10/2023,2,100,9.56,Cash
1499,58,11133,25/01/2024,5,900,66.12,Cash
1500,44,11171,22/02/2023,5,40,5.66,Cash
1501,95,11005,09/12/2023,10,600,91.09,Cash
1502,83,11051,11/09/2023,6,400,66.38,Cash
1503,40,11164,19/12/2023,9,40,6.02,Credit Card
1504,35,11040,27/03/2023,1,100,14.65,Debit Card
1505,20,11026,09/02/2024,5,40,3.58,Credit Card
1506,61,11187,14/05/2023,8,200,36.19,Debit Card
1507,87,11096,15/10/2023,4,800,80.21,Credit Card
1508,43,11066,12/11/2023,2,30,0.4,Credit Card
1509,22,11007,30/03/2023,10,80,10.96,Debit Card
1510,80,11081,29/03/2023,5,100,14.82,Debit Card
1511,44,11014,09/12/2023,2,40,3.32,Credit Card
1512,7,11128,27/05/2023,10,300,53.23,Credit Card
1513,68,11179,27/03/2023,1,900,23.57,Credit Card
1514,82,11094,20/01/2024,9,300,6.69,Credit Card
1515,62,11054,10/10/2023,3,300,7.81,Cash
1516,53,11080,28/06/2023,2,400,29.46,Credit Card
1517,19,11048,03/12/2023,2,40,5.4,Debit Card
1518,44,11188,14/06/2023,10,40,5.54,Credit Card
1519,1,11201,07/03/2023,8,1200,60.11,Credit Card
1520,94,11156,11/04/2023,6,500,49.4,Credit Card
1521,10,11166,01/08/2023,5,250,46.9,Cash
1522,33,11037,06/03/2023,6,30,1.41,Debit Card
1523,76,11053,20/03/2023,7,700,63.63,Credit Card
1524,60,11073,20/04/2023,1,100,14.59,Cash
1525,58,11020,10/10/2023,1,900,83.91,Cash
1526,71,11178,23/11/2023,3,200,37.98,Credit Card
1527,69,11141,15/01/2024,7,1000,139.77,Cash
1528,79,11012,17/08/2023,5,1000,8.7,Credit Card
1529,91,11060,02/08/2023,3,200,7.88,Cash
1530,94,11045,13/12/2023,1,500,28.76,Debit Card
1531,50,11173,17/04/2023,1,200,26.39,Debit Card
1532,89,11107,18/03/2023,4,1000,12.77,Credit Card
1533,10,11064,26/10/2023,7,250,8.73,Debit Card
1534,57,11114,24/12/2023,1,800,15.97,Credit Card
1535,54,11181,13/09/2023,2,500,34.06,Cash
1536,33,11036,24/09/2023,1,30,5.94,Credit Card
1537,40,11017,08/05/2023,2,40,6.64,Debit Card
1538,25,11142,08/04/2023,3,120,7.41,Cash
1539,68,11205,26/07/2023,9,900,85.76,Credit Card
1540,83,11077,17/04/2023,4,400,38.34,Credit Card
1541,40,11099,08/10/2023,8,40,5.64,Debit Card
1542,92,11122,19/11/2023,3,300,12.16,Credit Card
1543,33,11075,06/11/2023,3,30,3.19,Cash
1544,82,11184,12/09/2023,6,300,23.82,Debit Card
1545,48,11118,04/06/2023,6,20,0.85,Credit Card
1546,77,11169,05/09/2023,7,800,60.6,Cash
1547,93,11061,03/06/2023,4,400,41.66,Cash
1548,13,11097,19/05/2023,5,120,15.55,Credit Card
1549,88,11036,15/05/2023,7,900,165.61,Debit Card
1550,52,11028,03/06/2023,4,300,38.1,Debit Card
1551,89,11015,16/11/2023,4,1000,73.43,Credit Card
1552,85,11038,04/01/2024,10,600,76.57,Cash
1553,79,11170,15/12/2023,6,1000,124.39,Credit Card
1554,71,11014,18/05/2023,1,200,10.5,Debit Card
1555,27,11070,03/01/2024,9,15,2.64,Cash
1556,85,11182,05/07/2023,8,600,87.26,Cash
1557,72,11080,19/06/2023,3,300,14.03,Cash
1558,41,11144,28/02/2023,8,80,15.4,Debit Card
1559,4,11115,21/09/2023,7,80,7.96,Cash
1560,73,11062,02/01/2024,5,400,60.24,Credit Card
1561,98,11157,14/11/2023,1,900,59.51,Cash
1562,46,11033,31/05/2023,2,15,2.16,Cash
1563,89,11187,27/11/2023,4,1000,34.76,Debit Card
1564,89,11048,04/06/2023,8,1000,54.64,Credit Card
1565,11,11201,09/03/2023,10,60,0.89,Debit Card
1566,90,11041,27/05/2023,4,100,17.17,Credit Card
1567,83,11078,03/12/2023,6,400,18.65,Cash
1568,16,11098,12/10/2023,6,25,2.65,Debit Card
1569,6,11069,04/11/2023,7,20,3.6,Debit Card
1570,37,11094,19/07/2023,10,25,0.22,Credit Card
1571,94,11195,08/11/2023,4,500,49.72,Credit Card
1572,72,11091,02/09/2023,9,300,48.84,Cash
1573,59,11169,08/07/2023,1,1000,76.3,Credit Card
1574,66,11101,13/03/2023,1,700,132.47,Credit Card
1575,30,11038,12/05/2023,1,20,2.4,Debit Card
1576,62,11111,14/04/2023,8,300,52.64,Credit Card
1577,58,11101,25/11/2023,10,900,115.17,Credit Card
1578,30,11076,06/09/2023,5,20,1.89,Cash
1579,76,11032,26/10/2023,2,700,44.64,Credit Card
1580,100,11025,05/06/2023,8,100,1.01,Debit Card
1581,93,11016,13/10/2023,2,400,71.93,Cash
1582,10,11185,12/09/2023,4,250,38.65,Cash
1583,88,11008,19/04/2023,7,900,109.5,Cash
1584,44,11149,04/02/2024,3,40,5.54,Credit Card
1585,13,11092,25/07/2023,4,120,7.6,Cash
1586,54,11123,25/07/2023,6,500,87.84,Cash
1587,21,11109,11/04/2023,4,50,6.37,Cash
1588,69,11057,26/10/2023,10,1000,40.82,Cash
1589,53,11195,06/06/2023,7,400,63.24,Debit Card
1590,96,11054,10/05/2023,5,700,66.81,Credit Card
1591,97,11065,23/04/2023,4,800,49.07,Credit Card
1592,29,11078,21/12/2023,5,25,0.83,Debit Card
1593,7,11197,16/06/2023,6,300,25.63,Debit Card
1594,72,11206,27/07/2023,7,300,8.27,Debit Card
1595,29,11041,13/10/2023,10,25,4.31,Debit Card
1596,63,11132,10/05/2023,2,400,61.91,Debit Card
1597,73,11041,13/06/2023,5,400,36.78,Cash
1598,30,11107,29/11/2023,4,20,1.2,Cash
1599,14,11153,29/11/2023,9,70,5.02,Credit Card
1600,33,11198,28/12/2023,9,30,1.28,Cash
1601,53,11113,08/05/2023,7,400,40.24,Credit Card
1602,64,11196,23/06/2023,1,500,20.26,Debit Card
1603,79,11075,15/11/2023,3,1000,140.99,Credit Card
1604,60,11093,23/02/2023,6,100,11.59,Debit Card
1605,4,11205,20/03/2023,3,80,5.81,Credit Card
1606,69,11037,27/11/2023,10,1000,18.56,Cash
1607,11,11129,31/05/2023,9,60,5.07,Debit Card
1608,21,11132,22/07/2023,8,50,6.8,Credit Card
1609,37,11049,10/01/2024,1,25,3.9,Credit Card
1610,67,11133,23/04/2023,6,800,108.01,Cash
1611,72,11063,29/01/2024,4,300,25.43,Cash
1612,53,11008,11/10/2023,5,400,13.05,Debit Card
1613,68,11043,30/08/2023,1,900,11.74,Debit Card
1614,82,11025,29/05/2023,1,300,58.11,Credit Card
1615,33,11122,19/11/2023,10,30,5.06,Credit Card
1616,20,11048,10/03/2023,7,40,7.17,Debit Card
1617,84,11181,19/02/2023,2,500,85.6,Credit Card
1618,86,11016,01/12/2023,2,700,135.51,Cash
1619,16,11150,28/08/2023,1,25,3.71,Cash
1620,88,11098,18/12/2023,9,900,154.05,Credit Card
1621,12,11051,02/10/2023,5,80,4.38,Cash
1622,18,11095,17/08/2023,5,120,1.4,Credit Card
1623,63,11104,02/03/2023,9,400,21.75,Credit Card
1624,21,11015,04/05/2023,2,50,3.75,Credit Card
1625,90,11145,04/02/2024,5,100,12.44,Cash
1626,73,11003,07/04/2023,6,400,50.73,Credit Card
1627,30,11045,10/07/2023,8,20,0.84,Credit Card
1628,72,11118,12/03/2023,3,300,45.44,Debit Card
1629,29,11164,02/04/2023,1,25,4.62,Credit Card
1630,19,11149,05/02/2024,1,40,7.83,Cash
1631,39,11172,29/11/2023,4,20,2.87,Cash
1632,82,11119,21/12/2023,10,300,48.76,Credit Card
1633,74,11049,30/12/2023,9,500,91.96,Credit Card
1634,83,11007,18/08/2023,10,400,51.47,Cash
1635,73,11202,23/07/2023,10,400,14.89,Credit Card
1636,16,11176,12/05/2023,3,25,1.25,Cash
1637,74,11084,08/09/2023,4,500,60.56,Cash
1638,14,11089,26/04/2023,8,70,7.53,Cash
1639,82,11178,13/11/2023,8,300,44.22,Cash
1640,88,11077,31/05/2023,7,900,23.44,Cash
1641,64,11202,29/07/2023,3,500,77.27,Cash
1642,80,11192,11/10/2023,5,100,1.12,Credit Card
1643,57,11130,19/10/2023,8,800,117.4,Debit Card
1644,91,11040,13/08/2023,9,200,6.33,Cash
1645,30,11194,13/11/2023,10,20,2.7,Cash
1646,48,11153,19/11/2023,4,20,1.18,Cash
1647,13,11052,18/02/2023,2,120,19.13,Debit Card
1648,10,11149,05/07/2023,8,250,15.07,Debit Card
1649,77,11167,28/08/2023,1,800,22.86,Credit Card
1650,32,11023,09/05/2023,5,120,23.8,Cash
1651,2,11150,09/01/2024,1,800,81.61,Credit Card
1652,56,11184,14/07/2023,6,700,35.94,Debit Card
1653,36,11050,11/10/2023,7,150,3.17,Cash
1654,59,11202,19/05/2023,3,1000,195.6,Cash
1655,38,11030,30/07/2023,5,15,2.76,Cash
1656,19,11126,27/03/2023,10,40,5.15,Credit Card
1657,95,11161,15/06/2023,8,600,19.78,Credit Card
1658,48,11041,03/10/2023,6,20,2.68,Cash
1659,43,11106,10/12/2023,7,30,2.17,Credit Card
1660,72,11119,08/07/2023,1,300,40.89,Credit Card
1661,7,11174,03/06/2023,6,300,51.68,Cash
1662,89,11045,31/12/2023,7,1000,75.55,Cash
1663,18,11078,16/08/2023,3,120,9.87,Credit Card
1664,53,11114,13/05/2023,10,400,75.15,Debit Card
1665,26,11085,30/07/2023,7,20,3.47,Credit Card
1666,83,11151,14/07/2023,3,400,29.45,Cash
1667,51,11203,14/06/2023,5,200,38.24,Cash
1668,42,11016,07/06/2023,6,50,3.05,Cash
1669,26,11142,25/01/2024,10,20,1.07,Cash
1670,60,11003,20/04/2023,4,100,10.49,Cash
1671,97,11142,16/03/2023,2,800,37.16,Cash
1672,58,11184,21/11/2023,2,900,37.47,Credit Card
1673,52,11027,04/03/2023,7,300,32.12,Credit Card
1674,62,11138,13/06/2023,6,300,56.83,Credit Card
1675,81,11199,31/12/2023,10,200,37.63,Credit Card
1676,91,11150,18/06/2023,2,200,13.79,Credit Card
1677,72,11063,29/03/2023,3,300,18.25,Cash
1678,73,11032,19/09/2023,3,400,46.06,Debit Card
1679,83,11172,05/03/2023,6,400,34.45,Debit Card
1680,83,11098,08/08/2023,1,400,36.95,Credit Card
1681,22,11036,07/04/2023,2,80,2.8,Cash
1682,96,11011,17/06/2023,10,700,50.1,Debit Card
1683,18,11096,23/07/2023,3,120,7.32,Debit Card
1684,83,11004,15/05/2023,4,400,74.96,Debit Card
1685,78,11122,28/06/2023,2,900,27.19,Cash
1686,44,11195,05/08/2023,7,40,6.17,Debit Card
1687,11,11022,02/12/2023,5,60,7.51,Credit Card
1688,16,11183,03/04/2023,3,25,1.54,Cash
1689,94,11078,03/11/2023,4,500,29.97,Credit Card
1690,100,11102,12/06/2023,7,100,3.93,Cash
1691,19,11101,24/05/2023,4,40,4.87,Credit Card
1692,6,11110,10/07/2023,1,20,3.54,Credit Card
1693,72,11166,22/01/2024,4,300,49.35,Credit Card
1694,68,11010,14/12/2023,4,900,138.87,Credit Card
1695,92,11189,15/10/2023,9,300,49.63,Cash
1696,25,11048,01/09/2023,6,120,5.75,Credit Card
1697,98,11049,05/06/2023,3,900,39.38,Cash
1698,77,11197,09/07/2023,1,800,135.7,Debit Card
1699,38,11012,20/12/2023,5,15,2.35,Debit Card
1700,30,11054,25/05/2023,5,20,1.93,Credit Card
1701,14,11155,21/08/2023,4,70,2.18,Credit Card
1702,53,11000,05/10/2023,1,400,57.94,Cash
1703,8,11205,30/12/2023,3,100,12.58,Credit Card
1704,27,11072,26/08/2023,9,15,2.1,Cash
1705,27,11030,10/07/2023,4,15,0.7,Cash
1706,59,11011,07/04/2023,5,1000,15.08,Debit Card
1707,5,11041,13/03/2023,1,50,3.64,Cash
1708,14,11099,10/09/2023,3,70,11.03,Debit Card
1709,63,11085,22/02/2023,6,400,70.94,Cash
1710,34,11064,01/10/2023,8,15,0.5,Cash
1711,56,11006,19/03/2023,6,700,127.54,Credit Card
1712,12,11014,26/10/2023,2,80,1.34,Credit Card
1713,89,11195,27/05/2023,1,1000,36.57,Cash
1714,21,11057,24/08/2023,10,50,3.69,Debit Card
1715,81,11102,07/02/2024,4,200,7.32,Credit Card
1716,14,11021,06/09/2023,10,70,2.64,Cash
1717,12,11021,14/03/2023,2,80,14.35,Debit Card
1718,100,11065,23/12/2023,7,100,13.96,Credit Card
1719,62,11037,02/11/2023,10,300,2.92,Credit Card
1720,56,11178,08/12/2023,1,700,132.18,Credit Card
1721,46,11098,22/08/2023,7,15,1.37,Credit Card
1722,54,11084,15/08/2023,9,500,89.19,Cash
1723,59,11090,01/02/2024,7,1000,162.52,Debit Card
1724,62,11155,10/09/2023,10,300,7.53,Debit Card
1725,64,11155,15/02/2024,4,500,94.11,Credit Card
1726,38,11037,08/09/2023,3,15,1,Debit Card
1727,58,11085,13/02/2024,10,900,40.13,Debit Card
1728,80,11038,06/05/2023,3,100,18.32,Debit Card
1729,48,11174,01/11/2023,7,20,2.56,Debit Card
1730,57,11198,23/12/2023,10,800,65.86,Cash
1731,77,11200,28/12/2023,4,800,16.92,Cash
1732,71,11074,05/04/2023,1,200,38.95,Cash
1733,42,11088,02/05/2023,9,50,4.28,Debit Card
1734,88,11092,05/01/2024,1,900,92.62,Credit Card
1735,51,11022,25/07/2023,8,200,33.94,Cash
1736,93,11205,07/04/2023,3,400,53.57,Debit Card
1737,2,11036,19/06/2023,10,800,98.4,Cash
1738,83,11059,07/06/2023,3,400,45.79,Credit Card
1739,63,11041,07/07/2023,5,400,68.56,Credit Card
1740,96,11079,09/11/2023,5,700,17.38,Debit Card
1741,42,11004,23/03/2023,2,50,3.53,Cash
1742,46,11103,08/07/2023,2,15,1.36,Credit Card
1743,93,11008,16/03/2023,10,400,70.62,Debit Card
1744,84,11086,16/07/2023,2,500,45.48,Credit Card
1745,6,11205,17/09/2023,8,20,2.02,Credit Card
1746,26,11035,18/10/2023,5,20,1.01,Debit Card
1747,12,11121,15/12/2023,4,80,11.28,Cash
1748,83,11186,30/03/2023,10,400,60.92,Cash
1749,88,11079,18/12/2023,2,900,62.11,Debit Card
1750,83,11057,20/10/2023,4,400,11.49,Credit Card
1751,48,11032,14/04/2023,2,20,3.46,Cash
1752,77,11083,10/03/2023,4,800,27.35,Debit Card
1753,51,11035,10/05/2023,4,200,28.91,Credit Card
1754,2,11068,09/03/2023,4,800,35.39,Credit Card
1755,44,11083,12/09/2023,5,40,4.91,Debit Card
1756,61,11074,06/09/2023,7,200,20.22,Credit Card
1757,98,11160,20/03/2023,8,900,11.06,Cash
1758,59,11184,18/11/2023,9,1000,160.91,Cash
1759,56,11141,22/12/2023,5,700,44.75,Cash
1760,87,11164,28/01/2024,9,800,52.68,Debit Card
1761,74,11178,03/09/2023,10,500,36.07,Debit Card
1762,26,11149,29/09/2023,9,20,2.2,Credit Card
1763,71,11012,13/08/2023,3,200,33.29,Credit Card
1764,74,11170,13/01/2024,2,500,7.23,Cash
1765,94,11021,26/09/2023,3,500,28.07,Cash
1766,70,11134,07/11/2023,8,100,9.93,Debit Card
1767,12,11023,10/05/2023,2,80,7.86,Credit Card
1768,36,11204,16/11/2023,1,150,17.47,Cash
1769,70,11032,13/03/2023,4,100,8.87,Cash
1770,87,11091,17/03/2023,5,800,2.2,Cash
1771,97,11021,01/02/2024,4,800,89.13,Debit Card
1772,42,11094,05/09/2023,2,50,3.71,Credit Card
1773,56,11097,08/03/2023,8,700,52.61,Debit Card
1774,33,11170,21/10/2023,2,30,0.46,Cash
1775,27,11072,04/09/2023,10,15,1.39,Credit Card
1776,38,11035,23/04/2023,2,15,1.35,Credit Card
1777,78,11021,27/07/2023,1,900,30.4,Debit Card
1778,16,11023,09/10/2023,7,25,1.54,Cash
1779,78,11172,19/07/2023,8,900,128.8,Debit Card
1780,42,11178,29/04/2023,7,50,5.08,Cash
1781,6,11082,03/01/2024,9,20,3.22,Credit Card
1782,6,11000,26/06/2023,6,20,0.34,Credit Card
1783,34,11042,10/05/2023,5,15,2.42,Debit Card
1784,68,11140,19/02/2023,6,900,107.43,Cash
1785,6,11054,30/11/2023,10,20,3.91,Debit Card
1786,18,11056,25/05/2023,1,120,17.78,Credit Card
1787,83,11188,14/12/2023,6,400,2.06,Debit Card
1788,14,11011,14/07/2023,7,70,5.32,Debit Card
1789,34,11186,18/02/2023,3,15,2.96,Debit Card
1790,61,11055,25/06/2023,8,200,11.35,Debit Card
1791,1,11079,30/06/2023,2,1200,85.99,Debit Card
1792,10,11179,19/02/2023,2,250,7.07,Debit Card
1793,93,11002,30/03/2023,8,400,45.08,Cash
1794,80,11091,13/11/2023,2,100,12.78,Debit Card
1795,69,11069,25/05/2023,5,1000,123.41,Cash
1796,51,11043,01/10/2023,3,200,37.79,Cash
1797,53,11205,22/11/2023,10,400,4.14,Cash
1798,44,11203,22/05/2023,1,40,5.36,Credit Card
1799,70,11176,14/06/2023,1,100,2.77,Debit Card
1800,32,11007,21/01/2024,4,120,7.64,Credit Card
1801,58,11098,24/01/2024,3,900,94.88,Credit Card
1802,64,11077,24/01/2024,2,500,4.25,Debit Card
1803,5,11183,08/09/2023,2,50,8.34,Cash
1804,21,11149,11/03/2023,3,50,1.62,Credit Card
1805,6,11157,25/09/2023,2,20,2.2,Debit Card
1806,70,11198,24/06/2023,2,100,5.79,Debit Card
1807,40,11057,14/02/2024,7,40,7.84,Credit Card
1808,87,11080,12/01/2024,7,800,67.55,Credit Card
1809,62,11056,03/09/2023,3,300,37.51,Cash
1810,25,11104,01/07/2023,7,120,12.93,Credit Card
1811,98,11117,21/03/2023,1,900,167.62,Credit Card
1812,95,11201,02/11/2023,3,600,118.73,Cash
1813,86,11153,15/04/2023,9,700,126.24,Credit Card
1814,88,11157,29/03/2023,2,900,139.13,Cash
1815,19,11196,09/11/2023,6,40,1.15,Cash
1816,99,11101,12/11/2023,3,1000,198.41,Credit Card
1817,58,11163,14/05/2023,4,900,159.91,Debit Card
1818,49,11107,13/04/2023,3,30,4.48,Credit Card
1819,92,11112,10/06/2023,8,300,57.78,Credit Card
1820,91,11204,24/07/2023,6,200,26.84,Cash
1821,64,11125,07/02/2024,4,500,96.01,Debit Card
1822,95,11200,06/12/2023,4,600,58.98,Debit Card
1823,7,11057,30/08/2023,3,300,24.38,Credit Card
1824,46,11183,14/09/2023,5,15,0.5,Credit Card
1825,62,11140,07/05/2023,3,300,53.6,Debit Card
1826,93,11033,17/08/2023,2,400,73.67,Debit Card
1827,40,11173,21/05/2023,5,40,0.51,Credit Card
1828,57,11066,26/12/2023,3,800,38.47,Credit Card
1829,12,11078,15/05/2023,2,80,9.22,Credit Card
1830,46,11056,28/12/2023,1,15,1.4,Cash
1831,89,11021,17/12/2023,4,1000,141.99,Debit Card
1832,21,11084,13/08/2023,1,50,6.89,Cash
1833,94,11040,15/02/2024,4,500,74.4,Credit Card
1834,92,11014,09/11/2023,9,300,55.14,Cash
1835,56,11158,24/11/2023,7,700,116.07,Debit Card
1836,93,11075,15/03/2023,5,400,74.04,Cash
1837,93,11175,24/06/2023,2,400,11.49,Debit Card
1838,16,11092,23/08/2023,3,25,1.34,Credit Card
1839,51,11152,17/05/2023,5,200,1.3,Debit Card
1840,57,11092,01/11/2023,1,800,40.47,Debit Card
1841,71,11048,15/02/2024,6,200,14.11,Credit Card
1842,57,11116,10/01/2024,1,800,27.78,Debit Card
1843,12,11184,13/04/2023,2,80,15.31,Credit Card
1844,52,11086,24/10/2023,3,300,45.47,Cash
1845,93,11198,11/03/2023,8,400,79.46,Debit Card
1846,99,11076,04/05/2023,2,1000,24.62,Credit Card
1847,81,11181,17/05/2023,4,200,21.25,Debit Card
1848,97,11125,23/05/2023,9,800,126.45,Debit Card
1849,64,11174,18/03/2023,5,500,60.09,Cash
1850,14,11100,03/10/2023,4,70,2.6,Debit Card
1851,5,11097,28/08/2023,1,50,1.91,Cash
1852,69,11154,21/07/2023,10,1000,0.49,Debit Card
1853,57,11031,07/01/2024,8,800,145.4,Cash
1854,83,11048,05/09/2023,6,400,31.49,Cash
1855,92,11007,25/09/2023,3,300,48.42,Debit Card
1856,73,11048,09/09/2023,9,400,22.78,Debit Card
1857,57,11077,01/07/2023,8,800,127.23,Credit Card
1858,46,11110,13/05/2023,7,15,0.4,Cash
1859,62,11028,20/06/2023,2,300,44.06,Credit Card
1860,98,11076,15/12/2023,8,900,26.66,Credit Card
1861,92,11115,29/05/2023,6,300,58.89,Debit Card
1862,6,11111,19/12/2023,5,20,3.36,Credit Card
1863,71,11043,12/11/2023,9,200,17.11,Debit Card
1864,81,11185,22/03/2023,3,200,37.55,Cash
1865,87,11093,02/07/2023,4,800,119.45,Cash
1866,63,11068,09/12/2023,5,400,39.2,Credit Card
1867,92,11044,11/02/2024,6,300,45.53,Cash
1868,64,11182,21/03/2023,5,500,27.59,Cash
1869,94,11010,11/02/2024,9,500,68.63,Cash
1870,6,11074,13/07/2023,2,20,2.04,Debit Card
1871,70,11170,25/01/2024,1,100,10.73,Debit Card
1872,56,11050,08/06/2023,8,700,35.87,Debit Card
1873,81,11176,05/04/2023,1,200,8.23,Cash
1874,100,11083,01/06/2023,1,100,2.27,Credit Card
1875,2,11113,04/12/2023,1,800,126.4,Credit Card
1876,61,11194,03/10/2023,4,200,36.25,Credit Card
1877,67,11002,14/04/2023,3,800,1.11,Cash
1878,87,11033,09/02/2024,10,800,139.04,Debit Card
1879,53,11160,04/09/2023,8,400,64.52,Debit Card
1880,92,11063,15/10/2023,4,300,1.93,Debit Card
1881,33,11104,04/09/2023,4,30,0.27,Debit Card
1882,33,11011,26/02/2023,5,30,3.35,Credit Card
1883,92,11019,17/08/2023,5,300,22.63,Cash
1884,74,11000,15/09/2023,8,500,48.78,Credit Card
1885,68,11067,09/08/2023,6,900,50.74,Credit Card
1886,72,11175,22/05/2023,6,300,16.75,Debit Card
1887,27,11186,22/05/2023,6,15,0.9,Cash
1888,77,11157,06/02/2024,10,800,33.02,Debit Card
1889,68,11154,25/12/2023,6,900,141.52,Credit Card
1890,77,11027,10/09/2023,5,800,110.83,Debit Card
1891,59,11002,05/01/2024,3,1000,101.99,Cash
1892,53,11001,06/01/2024,2,400,62.65,Credit Card
1893,26,11070,19/05/2023,3,20,0.2,Cash
1894,59,11045,24/05/2023,2,1000,127.94,Credit Card
1895,54,11089,12/12/2023,4,500,28.14,Debit Card
1896,68,11101,13/04/2023,4,900,178.6,Credit Card
1897,53,11016,30/07/2023,9,400,11.25,Cash
1898,93,11006,30/12/2023,3,400,76.26,Credit Card
1899,59,11190,28/08/2023,7,1000,77.83,Cash
1900,53,11192,16/11/2023,6,400,12.24,Cash
1901,91,11002,31/10/2023,8,200,19.62,Cash
1902,77,11018,17/09/2023,4,800,67.26,Cash
1903,49,11146,07/08/2023,10,30,4.68,Credit Card
1904,6,11002,20/03/2023,2,20,3.86,Cash
1905,5,11197,07/06/2023,3,50,9.79,Cash
1906,73,11107,21/11/2023,6,400,78.92,Credit Card
1907,93,11090,30/01/2024,2,400,47.51,Credit Card
1908,89,11105,02/10/2023,5,1000,161.81,Debit Card
1909,83,11023,26/12/2023,3,400,77.07,Credit Card
1910,46,11085,17/05/2023,8,15,2.28,Debit Card
1911,38,11186,21/03/2023,4,15,2.28,Debit Card
1912,72,11060,15/02/2024,5,300,44.12,Debit Card
1913,19,11162,13/07/2023,9,40,0.06,Credit Card
1914,91,11039,23/02/2023,8,200,4.24,Cash
1915,48,11001,22/09/2023,3,20,0.11,Credit Card
1916,84,11097,25/06/2023,6,500,76.93,Cash
1917,77,11163,23/11/2023,4,800,23.43,Debit Card
1918,63,11063,05/06/2023,4,400,30.18,Cash
1919,25,11076,17/07/2023,4,120,1.54,Cash
1920,74,11001,16/04/2023,1,500,56.96,Cash
1921,74,11067,04/05/2023,5,500,83.88,Cash
1922,88,11014,02/01/2024,2,900,6.55,Credit Card
1923,72,11115,07/10/2023,1,300,4.75,Cash
1924,71,11171,15/11/2023,10,200,10.69,Debit Card
1925,1,11005,27/11/2023,5,1200,207.94,Debit Card
1926,5,11067,27/04/2023,9,50,6.78,Cash
1927,77,11077,06/10/2023,3,800,149.23,Debit Card
1928,31,11144,10/06/2023,3,40,3.43,Cash
1929,53,11004,27/05/2023,8,400,76.59,Cash
1930,25,11070,23/01/2024,7,120,17.69,Cash
1931,58,11043,11/04/2023,1,900,46.39,Cash
1932,16,11029,03/11/2023,1,25,4.08,Debit Card
1933,42,11199,12/12/2023,9,50,2.84,Debit Card
1934,12,11026,21/05/2023,4,80,15.59,Credit Card
1935,26,11157,16/09/2023,7,20,3.36,Debit Card
1936,61,11040,05/03/2023,3,200,3.57,Cash
1937,62,11203,11/09/2023,2,300,53.95,Debit Card
1938,49,11003,16/06/2023,5,30,1.97,Credit Card
1939,12,11093,30/06/2023,2,80,9.46,Credit Card
1940,7,11150,17/06/2023,4,300,48.42,Cash
1941,5,11086,02/08/2023,6,50,9.55,Debit Card
1942,31,11041,05/10/2023,6,40,1.27,Cash
1943,89,11119,17/09/2023,8,1000,147.33,Debit Card
1944,69,11050,02/05/2023,7,1000,168.75,Cash
1945,14,11046,19/12/2023,6,70,8.26,Credit Card
1946,62,11038,16/09/2023,3,300,4.35,Credit Card
1947,72,11001,27/07/2023,1,300,47.81,Cash
1948,93,11024,29/08/2023,8,400,26.04,Debit Card
1949,64,11120,19/01/2024,9,500,49.75,Cash
1950,58,11172,21/03/2023,3,900,60.96,Credit Card
1951,27,11046,08/07/2023,6,15,2.76,Cash
1952,87,11052,15/07/2023,1,800,156.15,Cash
1953,62,11111,17/08/2023,1,300,21.73,Cash
1954,99,11052,20/11/2023,10,1000,198.1,Credit Card
1955,14,11015,19/12/2023,6,70,2.96,Cash
1956,92,11071,11/06/2023,9,300,10.59,Credit Card
1957,93,11191,09/06/2023,2,400,11.64,Cash
1958,6,11043,27/12/2023,2,20,0.37,Cash
1959,58,11116,03/07/2023,7,900,172.43,Debit Card
1960,38,11092,14/10/2023,9,15,1.2,Credit Card
1961,94,11056,13/11/2023,8,500,17.35,Cash
1962,84,11170,20/12/2023,9,500,5.14,Debit Card
1963,70,11104,18/05/2023,2,100,5.06,Debit Card
1964,67,11179,09/12/2023,1,800,11.66,Debit Card
1965,54,11112,21/04/2023,6,500,55.58,Credit Card
1966,74,11147,11/12/2023,6,500,88.46,Credit Card
1967,86,11065,02/08/2023,8,700,74.34,Debit Card
1968,2,11100,18/04/2023,1,800,116.45,Debit Card
1969,71,11143,27/11/2023,9,200,35.92,Credit Card
1970,94,11180,25/04/2023,9,500,25.95,Credit Card
1971,89,11050,29/10/2023,4,1000,107.47,Cash
1972,72,11016,05/06/2023,2,300,49.03,Credit Card
1973,92,11019,17/03/2023,4,300,23.61,Cash
1974,31,11048,20/10/2023,5,40,7.48,Cash
1975,62,11197,29/12/2023,3,300,57.95,Debit Card
1976,83,11139,04/04/2023,8,400,75.13,Debit Card
1977,68,11135,19/06/2023,6,900,109.18,Credit Card
1978,31,11054,03/06/2023,9,40,1.68,Credit Card
1979,58,11086,28/01/2024,5,900,1.06,Credit Card
1980,77,11169,24/05/2023,1,800,134.19,Debit Card
1981,94,11030,12/03/2023,2,500,63.67,Cash
1982,6,11099,16/05/2023,2,20,3.91,Debit Card
1983,79,11038,07/12/2023,4,1000,124,Credit Card
1984,62,11084,26/02/2023,4,300,34.29,Credit Card
1985,74,11193,22/11/2023,5,500,35.76,Credit Card
1986,81,11126,16/11/2023,1,200,18.31,Debit Card
1987,42,11097,06/02/2024,1,50,2.58,Cash
1988,2,11205,09/07/2023,6,800,31.45,Debit Card
1989,69,11085,04/04/2023,7,1000,147.37,Cash
1990,91,11157,12/04/2023,3,200,38.8,Debit Card
1991,78,11147,01/10/2023,4,900,110.42,Cash
1992,84,11069,16/03/2023,3,500,0.76,Cash
1993,83,11148,25/04/2023,2,400,29.28,Debit Card
1994,94,11049,26/04/2023,2,500,41.83,Debit Card
1995,16,11188,08/03/2023,1,25,4.16,Cash
1996,38,11049,29/07/2023,5,15,2.61,Debit Card
1997,38,11122,12/07/2023,10,15,1.77,Debit Card
1998,30,11148,03/10/2023,5,20,1,Cash
1999,97,11118,22/05/2023,3,800,23.45,Cash
2000,63,11046,09/09/2023,8,400,32.25,Debit Card
2001,77,11071,30/07/2023,9,800,89.85,Cash
2002,72,11052,26/05/2023,7,300,18.87,Cash
2003,62,11025,26/02/2023,8,300,3.56,Cash
2004,19,11117,24/02/2023,7,40,1.5,Cash
2005,52,11128,21/08/2023,9,300,11.43,Cash
2006,84,11075,28/10/2023,5,500,95.27,Credit Card
2007,98,11020,20/09/2023,1,900,117.01,Cash
2008,52,11073,03/07/2023,9,300,30.77,Debit Card
2009,89,11115,13/01/2024,9,1000,199.97,Credit Card
2010,19,11116,11/09/2023,1,40,1.59,Debit Card
2011,91,11024,22/03/2023,5,200,31.45,Credit Card
2012,31,11147,02/06/2023,6,40,6.06,Cash
2013,56,11067,09/02/2024,3,700,69.52,Cash
2014,59,11142,09/09/2023,10,1000,182.05,Debit Card
2015,86,11041,06/02/2024,4,700,22.54,Credit Card
2016,88,11206,09/05/2023,8,900,69.2,Credit Card
2017,93,11052,02/07/2023,8,400,55.85,Cash
2018,11,11062,11/03/2023,6,60,0.41,Debit Card
2019,99,11006,19/09/2023,5,1000,141.75,Credit Card
2020,21,11000,28/02/2023,9,50,3.04,Cash
2021,89,11189,23/03/2023,5,1000,147.83,Cash
2022,78,11041,12/04/2023,10,900,12.46,Credit Card
2023,5,11160,14/02/2024,5,50,4.96,Debit Card
2024,52,11185,10/06/2023,9,300,14.13,Credit Card
2025,71,11130,18/01/2024,2,200,19.69,Debit Card
2026,7,11182,02/08/2023,3,300,3.55,Cash
2027,88,11089,28/09/2023,2,900,21.16,Credit Card
2028,98,11194,14/06/2023,10,900,40.22,Credit Card
2029,19,11127,10/02/2024,2,40,1.73,Debit Card
2030,27,11052,29/07/2023,2,15,1,Cash
2031,99,11093,03/07/2023,10,1000,72.17,Debit Card
2032,19,11001,16/08/2023,5,40,7.54,Cash
2033,57,11104,09/02/2024,4,800,86.33,Credit Card
2034,86,11068,30/06/2023,10,700,129.26,Debit Card
2035,30,11100,01/02/2024,7,20,1.46,Cash
2036,98,11149,16/02/2023,5,900,172.8,Credit Card
2037,77,11009,19/05/2023,3,800,47.66,Credit Card
2038,93,11106,27/10/2023,8,400,10.55,Debit Card
2039,93,11071,06/12/2023,3,400,2.03,Credit Card
2040,54,11039,24/03/2023,9,500,66.71,Credit Card
2041,86,11141,05/04/2023,2,700,132.44,Cash
2042,30,11182,30/12/2023,7,20,3.14,Cash
2043,19,11141,13/03/2023,4,40,4.13,Debit Card
2044,94,11173,09/04/2023,10,500,81.33,Debit Card
2045,94,11161,16/10/2023,1,500,71.28,Cash
2046,69,11055,18/09/2023,8,1000,136.72,Credit Card
2047,58,11119,15/05/2023,10,900,105.93,Cash
2048,19,11138,04/08/2023,5,40,6.62,Credit Card
2049,54,11041,10/12/2023,9,500,47.97,Debit Card
2050,49,11194,27/08/2023,5,30,1.22,Credit Card
2051,94,11086,14/06/2023,9,500,92.51,Cash
2052,6,11060,19/04/2023,6,20,3.57,Cash
2053,94,11108,12/01/2024,1,500,19.93,Credit Card
2054,57,11203,12/06/2023,8,800,143.4,Cash
2055,49,11057,23/09/2023,4,30,3.89,Cash
2056,94,11099,21/02/2023,7,500,64.73,Cash
2057,67,11168,31/03/2023,6,800,84.38,Credit Card
2058,61,11172,30/12/2023,4,200,9.59,Cash
2059,19,11160,24/12/2023,2,40,2.46,Cash
2060,34,11129,03/03/2023,5,15,1.79,Cash
2061,54,11116,18/08/2023,6,500,89.7,Cash
2062,97,11038,10/05/2023,4,800,16.02,Debit Card
2063,67,11112,21/01/2024,10,800,126.87,Cash
2064,6,11110,16/08/2023,5,20,2.87,Debit Card
2065,5,11122,24/05/2023,1,50,5.17,Cash
2066,88,11178,29/12/2023,7,900,69.79,Debit Card
2067,88,11139,19/10/2023,10,900,67.74,Credit Card
2068,88,11142,31/07/2023,5,900,65.52,Cash
2069,69,11061,20/05/2023,1,1000,109.55,Credit Card
2070,97,11032,28/04/2023,3,800,45.82,Cash
2071,53,11200,24/02/2023,7,400,71,Credit Card
2072,69,11083,05/12/2023,3,1000,128.17,Debit Card
2073,88,11110,01/12/2023,6,900,178.98,Cash
2074,91,11152,07/10/2023,3,200,31.18,Cash
2075,73,11120,14/08/2023,3,400,34.37,Credit Card
2076,57,11022,21/04/2023,4,800,113.7,Debit Card
2077,5,11135,13/02/2024,1,50,5.83,Cash
2078,74,11006,21/04/2023,2,500,96.35,Credit Card
2079,19,11172,20/08/2023,2,40,6.88,Debit Card
2080,38,11067,14/09/2023,8,15,0.87,Cash
2081,69,11028,07/01/2024,6,1000,49.71,Debit Card
2082,19,11135,06/01/2024,2,40,2.92,Credit Card
2083,98,11045,02/01/2024,4,900,67.88,Debit Card
2084,54,11024,10/10/2023,2,500,53.9,Credit Card
2085,78,11168,01/09/2023,3,900,107.09,Cash
2086,98,11198,11/03/2023,5,900,114.35,Credit Card
2087,54,11127,25/08/2023,3,500,46.04,Credit Card
2088,94,11017,13/12/2023,3,500,51.41,Credit Card
2089,2,11154,29/09/2023,7,800,136.32,Cash
2090,84,11162,26/04/2023,8,500,23.7,Cash
2091,69,11087,05/05/2023,4,1000,39.8,Cash
2092,59,11199,19/01/2024,10,1000,0.04,Cash
2093,38,11009,27/07/2023,9,15,0.73,Credit Card
2094,2,11020,13/01/2024,3,800,87.03,Credit Card
2095,2,11089,08/01/2024,4,800,71.39,Cash
2096,79,11023,15/10/2023,8,1000,92.08,Cash
2097,71,11060,04/06/2023,4,200,31.17,Debit Card
2098,93,11005,28/10/2023,7,400,10.99,Debit Card
2099,79,11173,08/04/2023,9,1000,51.7,Cash
2100,62,11147,07/11/2023,7,300,17.98,Credit Card
2101,84,11031,28/03/2023,10,500,4.48,Credit Card
2102,21,11019,19/12/2023,8,50,3.06,Debit Card
2103,30,11112,17/08/2023,2,20,0.21,Credit Card
2104,79,11038,18/04/2023,4,1000,32.3,Cash
2105,69,11123,14/05/2023,8,1000,118.72,Debit Card
2106,71,11188,19/12/2023,2,200,27.17,Debit Card
2107,21,11137,16/02/2023,9,50,7.69,Debit Card
2108,89,11006,07/06/2023,1,1000,165.72,Debit Card
2109,58,11026,23/07/2023,9,900,96.39,Credit Card
2110,98,11074,18/04/2023,2,900,123.83,Cash
2111,54,11000,27/05/2023,4,500,54.34,Debit Card
2112,64,11172,30/04/2023,3,500,31.07,Debit Card
2113,57,11039,06/02/2024,7,800,53.4,Cash
2114,99,11149,07/06/2023,4,1000,131.97,Cash
2115,16,11032,27/03/2023,7,25,0.8,Credit Card
2116,68,11129,19/10/2023,8,900,13.08,Credit Card
2117,46,11012,05/07/2023,6,15,0.42,Debit Card
2118,2,11060,11/01/2024,1,800,34.5,Cash
2119,46,11124,23/03/2023,2,15,0.82,Cash
2120,89,11015,29/09/2023,4,1000,49.77,Debit Card
2121,52,11052,17/08/2023,3,300,59.93,Credit Card
2122,89,11027,10/01/2024,3,1000,95.28,Debit Card
2123,98,11070,12/01/2024,10,900,91.77,Credit Card
2124,68,11179,13/10/2023,1,900,5.2,Cash
2125,38,11100,30/05/2023,5,15,1.07,Cash
2126,58,11170,05/01/2024,9,900,164.82,Credit Card
2127,99,11169,29/12/2023,4,1000,198.8,Cash
2128,79,11144,31/08/2023,5,1000,197.6,Debit Card
2129,5,11179,23/03/2023,6,50,9.53,Credit Card
2130,30,11163,30/12/2023,10,20,1.34,Credit Card
2131,52,11092,25/08/2023,8,300,3.89,Credit Card
2132,94,11056,25/05/2023,7,500,48.51,Cash
2133,67,11080,11/01/2024,8,800,76.78,Cash
2134,21,11163,14/09/2023,4,50,2.32,Debit Card
2135,69,11028,02/02/2024,6,1000,16.15,Credit Card
2136,59,11127,06/04/2023,8,1000,17.18,Debit Card
2137,89,11066,20/09/2023,3,1000,89.4,Debit Card
2138,5,11182,21/09/2023,8,50,4.9,Cash
2139,64,11110,04/08/2023,3,500,69.92,Debit Card
2140,97,11165,25/05/2023,7,800,70.71,Debit Card
2141,63,11036,15/06/2023,4,400,41.16,Debit Card
2142,38,11070,09/01/2024,1,15,2.16,Credit Card
2143,16,11097,24/05/2023,9,25,2.02,Credit Card
2144,97,11197,30/08/2023,9,800,9.2,Credit Card
2145,57,11122,26/06/2023,2,800,20.3,Cash
2146,73,11190,27/03/2023,9,400,79.72,Credit Card
2147,68,11188,15/01/2024,9,900,52.03,Credit Card
2148,94,11203,08/10/2023,2,500,98.89,Cash
2149,79,11092,07/06/2023,7,1000,74.81,Debit Card
2150,21,11169,03/12/2023,5,50,7.64,Credit Card
2151,5,11005,10/12/2023,6,50,6.63,Cash
2152,52,11036,12/06/2023,1,300,44.71,Debit Card
2153,99,11087,04/07/2023,3,1000,95.51,Credit Card
2154,99,11095,14/04/2023,1,1000,139.2,Cash
2155,30,11130,12/11/2023,5,20,3.54,Debit Card
2156,97,11171,26/09/2023,3,800,74.04,Credit Card
2157,67,11147,04/06/2023,6,800,113.29,Credit Card
2158,63,11172,11/01/2024,9,400,33.76,Debit Card
2159,93,11104,30/05/2023,5,400,14.84,Cash
2160,73,11104,02/05/2023,2,400,47.92,Debit Card
2161,84,11009,07/04/2023,5,500,33.7,Credit Card
2162,59,11161,26/07/2023,3,1000,169.53,Credit Card
2163,97,11001,17/07/2023,6,800,17.9,Debit Card
2164,84,11032,13/03/2023,2,500,43.65,Debit Card
2165,98,11201,15/06/2023,1,900,135.67,Debit Card
2166,34,11190,17/11/2023,2,15,0.84,Cash
2167,64,11054,01/01/2024,1,500,29.17,Debit Card
2168,98,11010,22/10/2023,7,900,56.16,Credit Card
2169,63,11051,06/11/2023,6,400,58.1,Credit Card
2170,67,11149,09/03/2023,2,800,77.67,Credit Card
2171,59,11083,21/06/2023,4,1000,93.08,Cash
2172,67,11128,01/11/2023,8,800,154.68,Cash
2173,84,11069,12/05/2023,5,500,59.41,Cash
2174,67,11032,02/06/2023,9,800,30.26,Cash
2175,84,11089,19/11/2023,2,500,46.31,Cash
2176,79,11083,03/03/2023,8,1000,178.95,Cash
2177,97,11011,03/04/2023,6,800,8.94,Debit Card
2178,67,11206,07/04/2023,2,800,74.64,Credit Card
